Question,A,B,C,D,Answer
Who was the first Prime Minister of independent India?,Mahatma Gandhi,Jawaharlal Nehru,Dr. B.R. Ambedkar,Subhas Chandra Bose,B
Which is the largest state in India by area?,Uttar Pradesh,Madhya Pradesh,Maharashtra,Rajasthan,D
In which city is the Taj Mahal located?,Delhi,Agra,Jaipur,Lucknow,B
Which river is known as the 'Ganga of the South'?,Godavari,Krishna,Cauvery,Narmada,C
Who is known as the 'Nightingale of India'?,Lata Mangeshkar,Sarojini Naidu,Asha Bhosle,Indira Gandhi,B
What is the national animal of India?,Lion,Bengal Tiger,Elephant,Leopard,B
Which planet is closest to the Sun?,Venus,Earth,Mercury,Mars,C
Which is the highest civilian award in India?,Padma Vibhushan,Bharat Ratna,Param Vir Chakra,Sahitya Akademi Award,B
"Who wrote the national anthem of India, 'Jana Gana Mana'?",Bankim Chandra Chattopadhyay,Rabindranath Tagore,Sri Aurobindo,Sarojini Naidu,B
Which Indian state has the longest coastline?,Maharashtra,Tamil Nadu,Kerala,Gujarat,D
Who was the first President of India?,Dr. Rajendra Prasad,Dr. S. Radhakrishnan,Zakir Husain,V.V. Giri,A
In which year did India win its first Cricket World Cup?,1975,1979,1983,1987,C
Which monument was built to commemorate the visit of King George V and Queen Mary to Mumbai?,Gateway of India,India Gate,Charminar,Victoria Memorial,A
Which is the smallest state in India by area?,Sikkim,Goa,Tripura,Mizoram,B
The classical dance form 'Kathakali' originated in which state?,Tamil Nadu,Andhra Pradesh,Kerala,Karnataka,C
Who is the author of the book 'Discovery of India'?,Mahatma Gandhi,Jawaharlal Nehru,Rabindranath Tagore,Bal Gangadhar Tilak,B
Which city is known as the 'Pink City' of India?,Jodhpur,Udaipur,Jaipur,Bikaner,C
Which is the largest freshwater lake in India?,Chilika Lake,Wular Lake,Dal Lake,Pulicat Lake,B
The famous Sun Temple is located in which place?,Konark,Khajuraho,Madurai,Tanjore,A
Who is known as the 'Iron Man of India'?,Subhas Chandra Bose,Sardar Vallabhbhai Patel,Bhagat Singh,Lala Lajpat Rai,B
Which component of blood is responsible for carrying oxygen?,White Blood Cells,Red Blood Cells,Platelets,Plasma,B
What is the basic structural and functional unit of life?,Tissue,Organ,Cell,Protein,C
Which organ in the human body produces insulin?,Liver,Pancreas,Gallbladder,Spleen,B
What is the normal body temperature of a healthy human being?,35°C,37°C,39°C,41°C,B
Which vitamin is synthesized in the skin when exposed to sunlight?,Vitamin A,Vitamin B,Vitamin C,Vitamin D,D
What is the green pigment in plants that absorbs light for photosynthesis?,Carotene,Xanthophyll,Chlorophyll,Anthocyanin,C
Which part of the plant is responsible for absorbing water and nutrients from the soil?,Stem,Leaf,Root,Flower,C
Which human organ is primarily involved in detoxification and metabolism?,Kidney,Heart,Lungs,Liver,D
What gas do animals exhale during respiration?,Oxygen,Nitrogen,Carbon Dioxide,Carbon Monoxide,C
Which organism is known as the 'Powerhouse of the cell'?,Nucleus,Ribosome,Mitochondria,Golgi Apparatus,C
How many pairs of chromosomes do humans typically have?,21,22,23,24,C
Which acid is naturally present in the human stomach to help digestion?,Sulphuric Acid,Hydrochloric Acid,Nitric Acid,Acetic Acid,B
Scurvy is caused due to the deficiency of which vitamin?,Vitamin A,Vitamin B1,Vitamin C,Vitamin D,C
Which is the largest organ in the human body?,Liver,Brain,Skin,Heart,C
What type of blood vessel carries blood away from the heart?,Vein,Artery,Capillary,Nerve,B
Which animal is known to have three hearts?,Octopus,Shark,Whale,Dolphin,A
What is the main function of white blood cells?,To carry nutrients,To fight infection,To clot blood,To transport oxygen,B
Which plant hormone is responsible for the ripening of fruits?,Auxin,Gibberellin,Cytokinin,Ethylene,D
Mushrooms belong to which kingdom of living organisms?,Plantae,Animalia,Fungi,Monera,C
Which structure prevents food from entering the windpipe during swallowing?,Epiglottis,Pharynx,Larynx,Esophagus,A
What is the chemical symbol for Gold?,Go,Gd,Au,Ag,C
Which gas is commonly known as laughing gas?,Nitric Oxide,Nitrous Oxide,Nitrogen Dioxide,Sulfur Dioxide,B
What is the main component of natural gas?,Ethane,Propane,Butane,Methane,D
Which element is essential for organic chemistry and life on Earth?,Silicon,Carbon,Oxygen,Nitrogen,B
What is the pH value of pure water at room temperature?,5,7,9,14,B
Which metal is found in a liquid state at room temperature?,Sodium,Mercury,Gallium,Magnesium,B
What is the chemical name of common household baking soda?,Sodium Carbonate,Sodium Bicarbonate,Sodium Chloride,Calcium Carbonate,B
Which gas is used to extinguish fires?,Oxygen,Nitrogen,Carbon Dioxide,Hydrogen,C
What is the hardest allotrope of Carbon?,Graphite,Diamond,Fullerene,Coal,B
Which acid is found in vinegar?,Citric Acid,Acetic Acid,Tartaric Acid,Formic Acid,B
What is the most abundant gas in the Earth's atmosphere?,Oxygen,Carbon Dioxide,Nitrogen,Argon,C
Which gas fills light bulbs to prevent the filament from burning out?,Oxygen,Hydrogen,Argon,Chlorine,C
What substance is known as the Universal Solvent?,Alcohol,Benzene,Water,Acetone,C
Which metal is universally used for making electrical wires due to its conductivity and cost?,Iron,Copper,Silver,Aluminum,B
What is the main gas responsible for global warming?,Oxygen,Nitrogen,Carbon Dioxide,Helium,C
What chemical element is named after the creator of the periodic table?,Mendelevium,Einsteinium,Nobelium,Curium,A
Which non-metal is a good conductor of electricity?,Sulphur,Phosphorus,Graphite,Iodine,C
What is the chemical formula for common salt?,KCl,NaCl,NaOH,HCl,B
Which acid is found in lemons and oranges?,Malic Acid,Citric Acid,Lactic Acid,Oxalic Acid,B
Which element has the lowest atomic number?,Helium,Lithium,Hydrogen,Beryllium,C
What is the unit of electric current?,Volt,Watt,Ampere,Ohm,C
Which phenomenon explains why the sky appears blue?,Reflection,Refraction,Scattering,Dispersion,C
Who formulated the laws of universal gravitation and motion?,Albert Einstein,Isaac Newton,Galileo Galilei,Niels Bohr,B
What device converts mechanical energy into electrical energy?,Motor,Generator,Transformer,Battery,B
Which type of mirror is used as a rear-view mirror in vehicles?,Concave,Convex,Plane,Cylindrical,B
What is the primary mode of heat transfer through a solid material?,Conduction,Convection,Radiation,Insulation,A
Which color of light undergoes the maximum deviation when passing through a prism?,Red,Yellow,Green,Violet,D
What is the unit used to measure the frequency of sound or waves?,Decibel,Hertz,Meter,Second,B
Sound waves cannot travel through which of the following?,Water,Air,Steel,Vacuum,D
Which subatomic particle carries a negative electric charge?,Proton,Neutron,Electron,Positron,C
What type of lens is used to correct short-sightedness (Myopia)?,Convex Lens,Concave Lens,Bifocal Lens,Cylindrical Lens,B
What property allows insects to walk on the surface of water?,Viscosity,Surface Tension,Density,Capillarity,B
Which law states that energy can neither be created nor destroyed?,Law of Conservation of Mass,Law of Conservation of Energy,Newton's Third Law,Ohm's Law,B
What type of wave is a sound wave?,Longitudinal Wave,Transverse Wave,Electromagnetic Wave,Surface Wave,A
Which scientist discovered the X-ray?,Wilhelm Röntgen,Henri Becquerel,Marie Curie,J.J. Thomson,A
What is the escape velocity from Earth's surface approximately?,5.2 km/s,8.5 km/s,11.2 km/s,15.4 km/s,C
What instrument is used to measure atmospheric pressure?,Thermometer,Barometer,Hydrometer,Anemometer,B
The pooling of water on hot asphalt roads in summer is due to which optical illusion?,Mirage,Rainbow,Halo,Aurora,A
Which fundamental force keeps the planets in orbit around the sun?,Electromagnetic Force,Strong Nuclear Force,Weak Nuclear Force,Gravitational Force,D
What determines the loudness of a sound wave?,Frequency,Wavelength,Amplitude,Speed,C
Who is widely considered the 'Father of Computers'?,Alan Turing,Charles Babbage,John von Neumann,Bill Gates,B
What does 'RAM' stand for in computer terminology?,Read Access Memory,Random Access Memory,Run Action Mechanism,Rapid Allocation Memory,B
What is the main operating system developed by Apple for its smartphones?,Android,Windows Mobile,iOS,macOS,C
Which programming language is best known for its use in web page interactivity?,Python,Java,C++,JavaScript,D
What does 'HTTP' stand for in web addresses?,Hypertext Transfer Protocol,Hypertext Topology Program,High Transfer Tech Protocol,Hyperlink Total Transfer Program,A
Which computer component is known as the 'Brain' of the machine?,RAM,Hard Drive,CPU,Motherboard,C
What is the smallest unit of digital data?,Byte,Bit,Kilobyte,Nibble,B
Which of these is an example of an open-source operating system?,Windows 11,macOS,Linux,iOS,C
What type of software is designed to protect computers from malware?,Firmware,Antivirus,Spyware,Shareware,B
Which network protocol is used to securely log into another computer over a network?,FTP,SMTP,SSH,HTTP,C
What does 'SQL' stand for in database management?,Structured Query Language,Sequential Query Line,Standard Query Logic,System Query Layout,A
Which technology is used to make phone calls over the internet?,VoIP,VPN,VGA,VOD,A
What is the primary function of a router?,To store data files,To forward data packets between networks,To display graphic layouts,To compile software code,B
Which company developed the Java programming language originally?,Microsoft,Apple,Sun Microsystems,IBM,C
What does 'URL' stand for?,Uniform Resource Locator,Universal Resource Link,Unified Request Line,User Response Location,A
Which binary number represents the decimal value 5?,100,101,110,111,B
What is the purpose of a Firewall?,To speed up internet connection,To filter network traffic and block unauthorized access,To cool down the server room,To backup delete logs,B
Which of the following is a non-volatile storage device?,RAM,Cache Memory,Hard Disk Drive,Registers,C
What type of file extension is typically used for Python scripts?,.py,.pt,.pn,.pi,A
Who co-founded Microsoft alongside Bill Gates?,Steve Jobs,Paul Allen,Steve Wozniak,Larry Page,B
What is the capital city of the Indian state of Maharashtra?,Nagpur,Mumbai,Pune,Nashik,A
What is the capital city of the Indian state of Karnataka?,Bengaluru,Hubli,Mangalore,Mysore,C
What is the capital city of the Indian state of Tamil Nadu?,Trichy,Madurai,Coimbatore,Chennai,D
What is the capital city of the Indian state of West Bengal?,Darjeeling,Siliguri,Asansol,Kolkata,B
What is the capital city of the Indian state of Telangana?,Nizamabad,Hyderabad,Karimnagar,Warangal,B
What is the capital city of the Indian state of Gujarat?,Surat,Rajkot,Ahmedabad,Gandhinagar,D
What is the capital city of the Indian state of Kerala?,Kochi,Kozhikode,Thiruvananthapuram,Thrissur,B
What is the capital city of the Indian state of Punjab?,Chandigarh,Amritsar,Ludhiana,Jalandhar,A
What is the capital city of the Indian state of Bihar?,Gaya,Muzaffarpur,Patna,Bhagalpur,B
What is the capital city of the Indian state of Uttar Pradesh?,Varanasi,Lucknow,Kanpur,Agra,A
What is the capital city of the Indian state of Rajasthan?,Jodhpur,Udaipur,Jaipur,Kota,C
What is the capital city of the Indian state of Madhya Pradesh?,Gwalior,Indore,Jabalpur,Bhopal,A
What is the capital city of the Indian state of Assam?,Guwahati,Dibrugarh,Silchar,Dispur,B
What is the capital city of the Indian state of Odisha?,Puri,Bhubaneswar,Rourkela,Cuttack,A
What is the capital city of the Indian state of Andhra Pradesh?,Guntur,Vijayawada,Amaravati,Visakhapatnam,C
What is the capital city of the Indian state of Haryana?,Gurugram,Ambala,Faridabad,Chandigarh,D
What is the capital city of the Indian state of Goa?,Mapusa,Vasco da Gama,Margao,Panaji,B
What is the capital city of the Indian state of Himachal Pradesh?,Manali,Solan,Shimla,Dharamshala,C
What is the capital city of the Indian state of Uttarakhand?,Dehradun,Nainital,Haridwar,Rishikesh,B
What is the capital city of the Indian state of Jharkhand?,Bokaro,Jamshedpur,Dhanbad,Ranchi,C
"In Chemistry, what is the official periodic table symbol for the element Hydrogen?",Ca,Fe,H,Co,C
"In Chemistry, what is the official periodic table symbol for the element Helium?",Br,N,Li,He,D
"In Chemistry, what is the official periodic table symbol for the element Lithium?",Au,Sn,Li,P,C
"In Chemistry, what is the official periodic table symbol for the element Beryllium?",Be,Mg,Na,I,A
"In Chemistry, what is the official periodic table symbol for the element Boron?",P,Br,B,Ca,C
"In Chemistry, what is the official periodic table symbol for the element Carbon?",C,Hg,P,U,A
"In Chemistry, what is the official periodic table symbol for the element Nitrogen?",I,Zn,N,Cu,C
"In Chemistry, what is the official periodic table symbol for the element Oxygen?",O,Br,C,P,A
"In Chemistry, what is the official periodic table symbol for the element Fluorine?",C,F,Ar,Na,B
"In Chemistry, what is the official periodic table symbol for the element Neon?",Be,O,Ne,Br,C
"In Chemistry, what is the official periodic table symbol for the element Sodium?",Al,Pu,U,Na,D
"In Chemistry, what is the official periodic table symbol for the element Magnesium?",Mg,N,I,P,A
"In Chemistry, what is the official periodic table symbol for the element Aluminum?",Zn,Al,Sn,B,B
"In Chemistry, what is the official periodic table symbol for the element Silicon?",Si,K,Al,C,A
"In Chemistry, what is the official periodic table symbol for the element Phosphorus?",P,Ag,Br,N,A
"In Chemistry, what is the official periodic table symbol for the element Sulfur?",K,U,S,Sn,C
"In Chemistry, what is the official periodic table symbol for the element Chlorine?",H,Be,Cl,O,C
"In Chemistry, what is the official periodic table symbol for the element Argon?",Na,Ar,Au,B,B
"In Chemistry, what is the official periodic table symbol for the element Potassium?",Ag,Fe,K,Br,C
"In Chemistry, what is the official periodic table symbol for the element Calcium?",Zn,Br,N,Ca,D
"In Chemistry, what is the official periodic table symbol for the element Iron?",Zn,K,Br,Fe,D
"In Chemistry, what is the official periodic table symbol for the element Copper?",O,Si,Cu,Ar,C
"In Chemistry, what is the official periodic table symbol for the element Silver?",Ni,Ag,He,P,B
"In Chemistry, what is the official periodic table symbol for the element Gold?",Cl,Ni,Au,Pb,C
"In Chemistry, what is the official periodic table symbol for the element Mercury?",Hg,N,K,P,A
"In Chemistry, what is the official periodic table symbol for the element Lead?",Pb,F,Br,Ag,A
"In Chemistry, what is the official periodic table symbol for the element Tin?",B,Sn,Pu,Na,B
"In Chemistry, what is the official periodic table symbol for the element Zinc?",Pt,Zn,Co,Na,B
"In Chemistry, what is the official periodic table symbol for the element Nickel?",K,I,H,Ni,D
"In Chemistry, what is the official periodic table symbol for the element Platinum?",Li,Ne,Pt,Co,C
"In Chemistry, what is the official periodic table symbol for the element Uranium?",B,U,Pu,Fe,B
"In Chemistry, what is the official periodic table symbol for the element Plutonium?",U,Pu,C,Pt,B
"In Chemistry, what is the official periodic table symbol for the element Iodine?",Au,I,O,H,B
"In Chemistry, what is the official periodic table symbol for the element Bromine?",Br,Pu,K,O,A
"In Chemistry, what is the official periodic table symbol for the element Cobalt?",U,H,Pu,Co,D
"In computer storage systems, which file extension is typically used for a Python Script?",.pt,.pyc,.py,.p,C
"In computer storage systems, which file extension is typically used for a Hypertext Markup Language?",.ht,.html,.htm,.hl,B
"In computer storage systems, which file extension is typically used for a Cascading Style Sheets?",.style,.c,.cs,.css,D
"In computer storage systems, which file extension is typically used for a JavaScript File?",.js,.j,.java,.script,A
"In computer storage systems, which file extension is typically used for a Portable Document Format?",.pd,.pf,.pdf,.doc,C
"In computer storage systems, which file extension is typically used for a Executable Application file?",.app,.exe,.ex,.run,B
"In computer storage systems, which file extension is typically used for a Compressed ZIP Archive?",.rar,.zi,.arc,.zip,D
"In computer storage systems, which file extension is typically used for a Plain Text Document?",.doc,.text,.tx,.txt,D
"In computer storage systems, which file extension is typically used for a JPEG Image File?",.img,.jpg,.jp,.jepg,B
"In computer storage systems, which file extension is typically used for a PNG Raster Image?",.gif,.pn,.pimg,.png,D
Which of the following is an example of an input device in a computer system (Variant 1)?,Monitor,Printer,Keyboard,Speaker,C
Which of the following is considered an output device for a computer (Variant 1)?,Mouse,Microphone,Monitor,Scanner,C
What is the basic unit of frequency in the physical sciences (Variant 1)?,Joule,Watt,Hertz,Newton,C
Which human organ is primarily responsible for filtering waste from the bloodstream (Variant 1)?,Lungs,Stomach,Kidneys,Heart,C
Which fundamental state of matter has a fixed shape and a fixed volume (Variant 1)?,Gas,Plasma,Solid,Liquid,C
Which of the following is an example of an input device in a computer system (Variant 2)?,Monitor,Printer,Keyboard,Speaker,C
Which of the following is considered an output device for a computer (Variant 2)?,Mouse,Microphone,Monitor,Scanner,C
What is the basic unit of frequency in the physical sciences (Variant 2)?,Joule,Watt,Hertz,Newton,C
Which human organ is primarily responsible for filtering waste from the bloodstream (Variant 2)?,Lungs,Stomach,Kidneys,Heart,C
Which fundamental state of matter has a fixed shape and a fixed volume (Variant 2)?,Gas,Plasma,Solid,Liquid,C
Which of the following is an example of an input device in a computer system (Variant 3)?,Monitor,Printer,Keyboard,Speaker,C
Which of the following is considered an output device for a computer (Variant 3)?,Mouse,Microphone,Monitor,Scanner,C
What is the basic unit of frequency in the physical sciences (Variant 3)?,Joule,Watt,Hertz,Newton,C
Which human organ is primarily responsible for filtering waste from the bloodstream (Variant 3)?,Lungs,Stomach,Kidneys,Heart,C
Which fundamental state of matter has a fixed shape and a fixed volume (Variant 3)?,Gas,Plasma,Solid,Liquid,C
Which of the following is an example of an input device in a computer system (Variant 4)?,Monitor,Printer,Keyboard,Speaker,C
Which of the following is considered an output device for a computer (Variant 4)?,Mouse,Microphone,Monitor,Scanner,C
What is the basic unit of frequency in the physical sciences (Variant 4)?,Joule,Watt,Hertz,Newton,C
Which human organ is primarily responsible for filtering waste from the bloodstream (Variant 4)?,Lungs,Stomach,Kidneys,Heart,C
Which fundamental state of matter has a fixed shape and a fixed volume (Variant 4)?,Gas,Plasma,Solid,Liquid,C
Which of the following is an example of an input device in a computer system (Variant 5)?,Monitor,Printer,Keyboard,Speaker,C
Which of the following is considered an output device for a computer (Variant 5)?,Mouse,Microphone,Monitor,Scanner,C
What is the basic unit of frequency in the physical sciences (Variant 5)?,Joule,Watt,Hertz,Newton,C
Which human organ is primarily responsible for filtering waste from the bloodstream (Variant 5)?,Lungs,Stomach,Kidneys,Heart,C
Which fundamental state of matter has a fixed shape and a fixed volume (Variant 5)?,Gas,Plasma,Solid,Liquid,C
Which of the following is an example of an input device in a computer system (Variant 6)?,Monitor,Printer,Keyboard,Speaker,C
Which of the following is considered an output device for a computer (Variant 6)?,Mouse,Microphone,Monitor,Scanner,C
What is the basic unit of frequency in the physical sciences (Variant 6)?,Joule,Watt,Hertz,Newton,C
Which human organ is primarily responsible for filtering waste from the bloodstream (Variant 6)?,Lungs,Stomach,Kidneys,Heart,C
Which fundamental state of matter has a fixed shape and a fixed volume (Variant 6)?,Gas,Plasma,Solid,Liquid,C
Which of the following is an example of an input device in a computer system (Variant 7)?,Monitor,Printer,Keyboard,Speaker,C
Which of the following is considered an output device for a computer (Variant 7)?,Mouse,Microphone,Monitor,Scanner,C
What is the basic unit of frequency in the physical sciences (Variant 7)?,Joule,Watt,Hertz,Newton,C
Which human organ is primarily responsible for filtering waste from the bloodstream (Variant 7)?,Lungs,Stomach,Kidneys,Heart,C
Which fundamental state of matter has a fixed shape and a fixed volume (Variant 7)?,Gas,Plasma,Solid,Liquid,C
Which of the following is an example of an input device in a computer system (Variant 8)?,Monitor,Printer,Keyboard,Speaker,C
Which of the following is considered an output device for a computer (Variant 8)?,Mouse,Microphone,Monitor,Scanner,C
What is the basic unit of frequency in the physical sciences (Variant 8)?,Joule,Watt,Hertz,Newton,C
Which human organ is primarily responsible for filtering waste from the bloodstream (Variant 8)?,Lungs,Stomach,Kidneys,Heart,C
Which fundamental state of matter has a fixed shape and a fixed volume (Variant 8)?,Gas,Plasma,Solid,Liquid,C
Which of the following is an example of an input device in a computer system (Variant 9)?,Monitor,Printer,Keyboard,Speaker,C
Which of the following is considered an output device for a computer (Variant 9)?,Mouse,Microphone,Monitor,Scanner,C
What is the basic unit of frequency in the physical sciences (Variant 9)?,Joule,Watt,Hertz,Newton,C
Which human organ is primarily responsible for filtering waste from the bloodstream (Variant 9)?,Lungs,Stomach,Kidneys,Heart,C
Which fundamental state of matter has a fixed shape and a fixed volume (Variant 9)?,Gas,Plasma,Solid,Liquid,C
Which of the following is an example of an input device in a computer system (Variant 10)?,Monitor,Printer,Keyboard,Speaker,C
Which of the following is considered an output device for a computer (Variant 10)?,Mouse,Microphone,Monitor,Scanner,C
What is the basic unit of frequency in the physical sciences (Variant 10)?,Joule,Watt,Hertz,Newton,C
Which human organ is primarily responsible for filtering waste from the bloodstream (Variant 10)?,Lungs,Stomach,Kidneys,Heart,C
Which fundamental state of matter has a fixed shape and a fixed volume (Variant 10)?,Gas,Plasma,Solid,Liquid,C
Which of the following is an example of an input device in a computer system (Variant 11)?,Monitor,Printer,Keyboard,Speaker,C
Which of the following is considered an output device for a computer (Variant 11)?,Mouse,Microphone,Monitor,Scanner,C
What is the basic unit of frequency in the physical sciences (Variant 11)?,Joule,Watt,Hertz,Newton,C
Which human organ is primarily responsible for filtering waste from the bloodstream (Variant 11)?,Lungs,Stomach,Kidneys,Heart,C
Which fundamental state of matter has a fixed shape and a fixed volume (Variant 11)?,Gas,Plasma,Solid,Liquid,C
Which of the following is an example of an input device in a computer system (Variant 12)?,Monitor,Printer,Keyboard,Speaker,C
Which of the following is considered an output device for a computer (Variant 12)?,Mouse,Microphone,Monitor,Scanner,C
What is the basic unit of frequency in the physical sciences (Variant 12)?,Joule,Watt,Hertz,Newton,C
Which human organ is primarily responsible for filtering waste from the bloodstream (Variant 12)?,Lungs,Stomach,Kidneys,Heart,C
Which fundamental state of matter has a fixed shape and a fixed volume (Variant 12)?,Gas,Plasma,Solid,Liquid,C
Which of the following is an example of an input device in a computer system (Variant 13)?,Monitor,Printer,Keyboard,Speaker,C
Which of the following is considered an output device for a computer (Variant 13)?,Mouse,Microphone,Monitor,Scanner,C
What is the basic unit of frequency in the physical sciences (Variant 13)?,Joule,Watt,Hertz,Newton,C
Which human organ is primarily responsible for filtering waste from the bloodstream (Variant 13)?,Lungs,Stomach,Kidneys,Heart,C
Which fundamental state of matter has a fixed shape and a fixed volume (Variant 13)?,Gas,Plasma,Solid,Liquid,C
Which of the following is an example of an input device in a computer system (Variant 14)?,Monitor,Printer,Keyboard,Speaker,C
Which of the following is considered an output device for a computer (Variant 14)?,Mouse,Microphone,Monitor,Scanner,C
What is the basic unit of frequency in the physical sciences (Variant 14)?,Joule,Watt,Hertz,Newton,C
Which human organ is primarily responsible for filtering waste from the bloodstream (Variant 14)?,Lungs,Stomach,Kidneys,Heart,C
Which fundamental state of matter has a fixed shape and a fixed volume (Variant 14)?,Gas,Plasma,Solid,Liquid,C
Which of the following is an example of an input device in a computer system (Variant 15)?,Monitor,Printer,Keyboard,Speaker,C
Which of the following is considered an output device for a computer (Variant 15)?,Mouse,Microphone,Monitor,Scanner,C
What is the basic unit of frequency in the physical sciences (Variant 15)?,Joule,Watt,Hertz,Newton,C
Which human organ is primarily responsible for filtering waste from the bloodstream (Variant 15)?,Lungs,Stomach,Kidneys,Heart,C
Which fundamental state of matter has a fixed shape and a fixed volume (Variant 15)?,Gas,Plasma,Solid,Liquid,C
Which of the following is an example of an input device in a computer system (Variant 16)?,Monitor,Printer,Keyboard,Speaker,C
Which of the following is considered an output device for a computer (Variant 16)?,Mouse,Microphone,Monitor,Scanner,C
What is the basic unit of frequency in the physical sciences (Variant 16)?,Joule,Watt,Hertz,Newton,C
Which human organ is primarily responsible for filtering waste from the bloodstream (Variant 16)?,Lungs,Stomach,Kidneys,Heart,C
Which fundamental state of matter has a fixed shape and a fixed volume (Variant 16)?,Gas,Plasma,Solid,Liquid,C
Which of the following is an example of an input device in a computer system (Variant 17)?,Monitor,Printer,Keyboard,Speaker,C
Which of the following is considered an output device for a computer (Variant 17)?,Mouse,Microphone,Monitor,Scanner,C
What is the basic unit of frequency in the physical sciences (Variant 17)?,Joule,Watt,Hertz,Newton,C
Which human organ is primarily responsible for filtering waste from the bloodstream (Variant 17)?,Lungs,Stomach,Kidneys,Heart,C
Which fundamental state of matter has a fixed shape and a fixed volume (Variant 17)?,Gas,Plasma,Solid,Liquid,C
Which of the following is an example of an input device in a computer system (Variant 18)?,Monitor,Printer,Keyboard,Speaker,C
Which of the following is considered an output device for a computer (Variant 18)?,Mouse,Microphone,Monitor,Scanner,C
What is the basic unit of frequency in the physical sciences (Variant 18)?,Joule,Watt,Hertz,Newton,C
Which human organ is primarily responsible for filtering waste from the bloodstream (Variant 18)?,Lungs,Stomach,Kidneys,Heart,C
Which fundamental state of matter has a fixed shape and a fixed volume (Variant 18)?,Gas,Plasma,Solid,Liquid,C
Which of the following is an example of an input device in a computer system (Variant 19)?,Monitor,Printer,Keyboard,Speaker,C
Which of the following is considered an output device for a computer (Variant 19)?,Mouse,Microphone,Monitor,Scanner,C
What is the basic unit of frequency in the physical sciences (Variant 19)?,Joule,Watt,Hertz,Newton,C
Which human organ is primarily responsible for filtering waste from the bloodstream (Variant 19)?,Lungs,Stomach,Kidneys,Heart,C
Which fundamental state of matter has a fixed shape and a fixed volume (Variant 19)?,Gas,Plasma,Solid,Liquid,C
Which of the following is an example of an input device in a computer system (Variant 20)?,Monitor,Printer,Keyboard,Speaker,C
Which of the following is considered an output device for a computer (Variant 20)?,Mouse,Microphone,Monitor,Scanner,C
What is the basic unit of frequency in the physical sciences (Variant 20)?,Joule,Watt,Hertz,Newton,C
Which human organ is primarily responsible for filtering waste from the bloodstream (Variant 20)?,Lungs,Stomach,Kidneys,Heart,C
Which fundamental state of matter has a fixed shape and a fixed volume (Variant 20)?,Gas,Plasma,Solid,Liquid,C
Which of the following is an example of an input device in a computer system (Variant 21)?,Monitor,Printer,Keyboard,Speaker,C
Which of the following is considered an output device for a computer (Variant 21)?,Mouse,Microphone,Monitor,Scanner,C
What is the basic unit of frequency in the physical sciences (Variant 21)?,Joule,Watt,Hertz,Newton,C
Which human organ is primarily responsible for filtering waste from the bloodstream (Variant 21)?,Lungs,Stomach,Kidneys,Heart,C
Which fundamental state of matter has a fixed shape and a fixed volume (Variant 21)?,Gas,Plasma,Solid,Liquid,C
Which of the following is an example of an input device in a computer system (Variant 22)?,Monitor,Printer,Keyboard,Speaker,C
Which of the following is considered an output device for a computer (Variant 22)?,Mouse,Microphone,Monitor,Scanner,C
What is the basic unit of frequency in the physical sciences (Variant 22)?,Joule,Watt,Hertz,Newton,C
Which human organ is primarily responsible for filtering waste from the bloodstream (Variant 22)?,Lungs,Stomach,Kidneys,Heart,C
Which fundamental state of matter has a fixed shape and a fixed volume (Variant 22)?,Gas,Plasma,Solid,Liquid,C
Which of the following is an example of an input device in a computer system (Variant 23)?,Monitor,Printer,Keyboard,Speaker,C
Which of the following is considered an output device for a computer (Variant 23)?,Mouse,Microphone,Monitor,Scanner,C
What is the basic unit of frequency in the physical sciences (Variant 23)?,Joule,Watt,Hertz,Newton,C
Which human organ is primarily responsible for filtering waste from the bloodstream (Variant 23)?,Lungs,Stomach,Kidneys,Heart,C
Which fundamental state of matter has a fixed shape and a fixed volume (Variant 23)?,Gas,Plasma,Solid,Liquid,C
Which of the following is an example of an input device in a computer system (Variant 24)?,Monitor,Printer,Keyboard,Speaker,C
Which of the following is considered an output device for a computer (Variant 24)?,Mouse,Microphone,Monitor,Scanner,C
What is the basic unit of frequency in the physical sciences (Variant 24)?,Joule,Watt,Hertz,Newton,C
Which human organ is primarily responsible for filtering waste from the bloodstream (Variant 24)?,Lungs,Stomach,Kidneys,Heart,C
Which fundamental state of matter has a fixed shape and a fixed volume (Variant 24)?,Gas,Plasma,Solid,Liquid,C
Which of the following is an example of an input device in a computer system (Variant 25)?,Monitor,Printer,Keyboard,Speaker,C
Which of the following is considered an output device for a computer (Variant 25)?,Mouse,Microphone,Monitor,Scanner,C
What is the basic unit of frequency in the physical sciences (Variant 25)?,Joule,Watt,Hertz,Newton,C
Which human organ is primarily responsible for filtering waste from the bloodstream (Variant 25)?,Lungs,Stomach,Kidneys,Heart,C
Which fundamental state of matter has a fixed shape and a fixed volume (Variant 25)?,Gas,Plasma,Solid,Liquid,C
Which of the following is an example of an input device in a computer system (Variant 26)?,Monitor,Printer,Keyboard,Speaker,C
Which of the following is considered an output device for a computer (Variant 26)?,Mouse,Microphone,Monitor,Scanner,C
What is the basic unit of frequency in the physical sciences (Variant 26)?,Joule,Watt,Hertz,Newton,C
Which human organ is primarily responsible for filtering waste from the bloodstream (Variant 26)?,Lungs,Stomach,Kidneys,Heart,C
Which fundamental state of matter has a fixed shape and a fixed volume (Variant 26)?,Gas,Plasma,Solid,Liquid,C
Which of the following is an example of an input device in a computer system (Variant 27)?,Monitor,Printer,Keyboard,Speaker,C
Which of the following is considered an output device for a computer (Variant 27)?,Mouse,Microphone,Monitor,Scanner,C
What is the basic unit of frequency in the physical sciences (Variant 27)?,Joule,Watt,Hertz,Newton,C
Which human organ is primarily responsible for filtering waste from the bloodstream (Variant 27)?,Lungs,Stomach,Kidneys,Heart,C
Which fundamental state of matter has a fixed shape and a fixed volume (Variant 27)?,Gas,Plasma,Solid,Liquid,C
Which of the following is an example of an input device in a computer system (Variant 28)?,Monitor,Printer,Keyboard,Speaker,C
Which of the following is considered an output device for a computer (Variant 28)?,Mouse,Microphone,Monitor,Scanner,C
What is the basic unit of frequency in the physical sciences (Variant 28)?,Joule,Watt,Hertz,Newton,C
Which human organ is primarily responsible for filtering waste from the bloodstream (Variant 28)?,Lungs,Stomach,Kidneys,Heart,C
Which fundamental state of matter has a fixed shape and a fixed volume (Variant 28)?,Gas,Plasma,Solid,Liquid,C
Which of the following is an example of an input device in a computer system (Variant 29)?,Monitor,Printer,Keyboard,Speaker,C
Which of the following is considered an output device for a computer (Variant 29)?,Mouse,Microphone,Monitor,Scanner,C
What is the basic unit of frequency in the physical sciences (Variant 29)?,Joule,Watt,Hertz,Newton,C
Which human organ is primarily responsible for filtering waste from the bloodstream (Variant 29)?,Lungs,Stomach,Kidneys,Heart,C
Which fundamental state of matter has a fixed shape and a fixed volume (Variant 29)?,Gas,Plasma,Solid,Liquid,C
Which of the following is an example of an input device in a computer system (Variant 30)?,Monitor,Printer,Keyboard,Speaker,C
Which of the following is considered an output device for a computer (Variant 30)?,Mouse,Microphone,Monitor,Scanner,C
What is the basic unit of frequency in the physical sciences (Variant 30)?,Joule,Watt,Hertz,Newton,C
Which human organ is primarily responsible for filtering waste from the bloodstream (Variant 30)?,Lungs,Stomach,Kidneys,Heart,C
Which fundamental state of matter has a fixed shape and a fixed volume (Variant 30)?,Gas,Plasma,Solid,Liquid,C
Which of the following is an example of an input device in a computer system (Variant 31)?,Monitor,Printer,Keyboard,Speaker,C
Which of the following is considered an output device for a computer (Variant 31)?,Mouse,Microphone,Monitor,Scanner,C
What is the basic unit of frequency in the physical sciences (Variant 31)?,Joule,Watt,Hertz,Newton,C
Which human organ is primarily responsible for filtering waste from the bloodstream (Variant 31)?,Lungs,Stomach,Kidneys,Heart,C
Which fundamental state of matter has a fixed shape and a fixed volume (Variant 31)?,Gas,Plasma,Solid,Liquid,C
Which of the following is an example of an input device in a computer system (Variant 32)?,Monitor,Printer,Keyboard,Speaker,C
Which of the following is considered an output device for a computer (Variant 32)?,Mouse,Microphone,Monitor,Scanner,C
What is the basic unit of frequency in the physical sciences (Variant 32)?,Joule,Watt,Hertz,Newton,C
Which human organ is primarily responsible for filtering waste from the bloodstream (Variant 32)?,Lungs,Stomach,Kidneys,Heart,C
Which fundamental state of matter has a fixed shape and a fixed volume (Variant 32)?,Gas,Plasma,Solid,Liquid,C
Which of the following is an example of an input device in a computer system (Variant 33)?,Monitor,Printer,Keyboard,Speaker,C
Which of the following is considered an output device for a computer (Variant 33)?,Mouse,Microphone,Monitor,Scanner,C
What is the basic unit of frequency in the physical sciences (Variant 33)?,Joule,Watt,Hertz,Newton,C
Which human organ is primarily responsible for filtering waste from the bloodstream (Variant 33)?,Lungs,Stomach,Kidneys,Heart,C
Which fundamental state of matter has a fixed shape and a fixed volume (Variant 33)?,Gas,Plasma,Solid,Liquid,C
Which of the following is an example of an input device in a computer system (Variant 34)?,Monitor,Printer,Keyboard,Speaker,C
Which of the following is considered an output device for a computer (Variant 34)?,Mouse,Microphone,Monitor,Scanner,C
What is the basic unit of frequency in the physical sciences (Variant 34)?,Joule,Watt,Hertz,Newton,C
Which human organ is primarily responsible for filtering waste from the bloodstream (Variant 34)?,Lungs,Stomach,Kidneys,Heart,C
Which fundamental state of matter has a fixed shape and a fixed volume (Variant 34)?,Gas,Plasma,Solid,Liquid,C
Which of the following is an example of an input device in a computer system (Variant 35)?,Monitor,Printer,Keyboard,Speaker,C
Which of the following is considered an output device for a computer (Variant 35)?,Mouse,Microphone,Monitor,Scanner,C
What is the basic unit of frequency in the physical sciences (Variant 35)?,Joule,Watt,Hertz,Newton,C
Which human organ is primarily responsible for filtering waste from the bloodstream (Variant 35)?,Lungs,Stomach,Kidneys,Heart,C
Which fundamental state of matter has a fixed shape and a fixed volume (Variant 35)?,Gas,Plasma,Solid,Liquid,C
Which of the following is an example of an input device in a computer system (Variant 36)?,Monitor,Printer,Keyboard,Speaker,C
Which of the following is considered an output device for a computer (Variant 36)?,Mouse,Microphone,Monitor,Scanner,C
What is the basic unit of frequency in the physical sciences (Variant 36)?,Joule,Watt,Hertz,Newton,C
Which human organ is primarily responsible for filtering waste from the bloodstream (Variant 36)?,Lungs,Stomach,Kidneys,Heart,C
Which fundamental state of matter has a fixed shape and a fixed volume (Variant 36)?,Gas,Plasma,Solid,Liquid,C
Which of the following is an example of an input device in a computer system (Variant 37)?,Monitor,Printer,Keyboard,Speaker,C
Which of the following is considered an output device for a computer (Variant 37)?,Mouse,Microphone,Monitor,Scanner,C
What is the basic unit of frequency in the physical sciences (Variant 37)?,Joule,Watt,Hertz,Newton,C
Which human organ is primarily responsible for filtering waste from the bloodstream (Variant 37)?,Lungs,Stomach,Kidneys,Heart,C
Which fundamental state of matter has a fixed shape and a fixed volume (Variant 37)?,Gas,Plasma,Solid,Liquid,C
Which of the following is an example of an input device in a computer system (Variant 38)?,Monitor,Printer,Keyboard,Speaker,C
Which of the following is considered an output device for a computer (Variant 38)?,Mouse,Microphone,Monitor,Scanner,C
What is the basic unit of frequency in the physical sciences (Variant 38)?,Joule,Watt,Hertz,Newton,C
Which human organ is primarily responsible for filtering waste from the bloodstream (Variant 38)?,Lungs,Stomach,Kidneys,Heart,C
Which fundamental state of matter has a fixed shape and a fixed volume (Variant 38)?,Gas,Plasma,Solid,Liquid,C
Which of the following is an example of an input device in a computer system (Variant 39)?,Monitor,Printer,Keyboard,Speaker,C
Which of the following is considered an output device for a computer (Variant 39)?,Mouse,Microphone,Monitor,Scanner,C
What is the basic unit of frequency in the physical sciences (Variant 39)?,Joule,Watt,Hertz,Newton,C
Which human organ is primarily responsible for filtering waste from the bloodstream (Variant 39)?,Lungs,Stomach,Kidneys,Heart,C
Which fundamental state of matter has a fixed shape and a fixed volume (Variant 39)?,Gas,Plasma,Solid,Liquid,C
Which of the following is an example of an input device in a computer system (Variant 40)?,Monitor,Printer,Keyboard,Speaker,C
Which of the following is considered an output device for a computer (Variant 40)?,Mouse,Microphone,Monitor,Scanner,C
What is the basic unit of frequency in the physical sciences (Variant 40)?,Joule,Watt,Hertz,Newton,C
Which human organ is primarily responsible for filtering waste from the bloodstream (Variant 40)?,Lungs,Stomach,Kidneys,Heart,C
Which fundamental state of matter has a fixed shape and a fixed volume (Variant 40)?,Gas,Plasma,Solid,Liquid,C
Which of the following is an example of an input device in a computer system (Variant 41)?,Monitor,Printer,Keyboard,Speaker,C
Which of the following is considered an output device for a computer (Variant 41)?,Mouse,Microphone,Monitor,Scanner,C
What is the basic unit of frequency in the physical sciences (Variant 41)?,Joule,Watt,Hertz,Newton,C
Which human organ is primarily responsible for filtering waste from the bloodstream (Variant 41)?,Lungs,Stomach,Kidneys,Heart,C
Which fundamental state of matter has a fixed shape and a fixed volume (Variant 41)?,Gas,Plasma,Solid,Liquid,C
Which of the following is an example of an input device in a computer system (Variant 42)?,Monitor,Printer,Keyboard,Speaker,C
Which of the following is considered an output device for a computer (Variant 42)?,Mouse,Microphone,Monitor,Scanner,C
What is the basic unit of frequency in the physical sciences (Variant 42)?,Joule,Watt,Hertz,Newton,C
Which human organ is primarily responsible for filtering waste from the bloodstream (Variant 42)?,Lungs,Stomach,Kidneys,Heart,C
Which fundamental state of matter has a fixed shape and a fixed volume (Variant 42)?,Gas,Plasma,Solid,Liquid,C
Which of the following is an example of an input device in a computer system (Variant 43)?,Monitor,Printer,Keyboard,Speaker,C
Which of the following is considered an output device for a computer (Variant 43)?,Mouse,Microphone,Monitor,Scanner,C
What is the basic unit of frequency in the physical sciences (Variant 43)?,Joule,Watt,Hertz,Newton,C
Which human organ is primarily responsible for filtering waste from the bloodstream (Variant 43)?,Lungs,Stomach,Kidneys,Heart,C
Which fundamental state of matter has a fixed shape and a fixed volume (Variant 43)?,Gas,Plasma,Solid,Liquid,C
Which of the following is an example of an input device in a computer system (Variant 44)?,Monitor,Printer,Keyboard,Speaker,C
Which of the following is considered an output device for a computer (Variant 44)?,Mouse,Microphone,Monitor,Scanner,C
What is the basic unit of frequency in the physical sciences (Variant 44)?,Joule,Watt,Hertz,Newton,C
Which human organ is primarily responsible for filtering waste from the bloodstream (Variant 44)?,Lungs,Stomach,Kidneys,Heart,C
Which fundamental state of matter has a fixed shape and a fixed volume (Variant 44)?,Gas,Plasma,Solid,Liquid,C
Which of the following is an example of an input device in a computer system (Variant 45)?,Monitor,Printer,Keyboard,Speaker,C
Which of the following is considered an output device for a computer (Variant 45)?,Mouse,Microphone,Monitor,Scanner,C
What is the basic unit of frequency in the physical sciences (Variant 45)?,Joule,Watt,Hertz,Newton,C
Which human organ is primarily responsible for filtering waste from the bloodstream (Variant 45)?,Lungs,Stomach,Kidneys,Heart,C
Which fundamental state of matter has a fixed shape and a fixed volume (Variant 45)?,Gas,Plasma,Solid,Liquid,C
Which of the following is an example of an input device in a computer system (Variant 46)?,Monitor,Printer,Keyboard,Speaker,C
Which of the following is considered an output device for a computer (Variant 46)?,Mouse,Microphone,Monitor,Scanner,C
What is the basic unit of frequency in the physical sciences (Variant 46)?,Joule,Watt,Hertz,Newton,C
Which human organ is primarily responsible for filtering waste from the bloodstream (Variant 46)?,Lungs,Stomach,Kidneys,Heart,C
Which fundamental state of matter has a fixed shape and a fixed volume (Variant 46)?,Gas,Plasma,Solid,Liquid,C
Which of the following is an example of an input device in a computer system (Variant 47)?,Monitor,Printer,Keyboard,Speaker,C
Which of the following is considered an output device for a computer (Variant 47)?,Mouse,Microphone,Monitor,Scanner,C
What is the basic unit of frequency in the physical sciences (Variant 47)?,Joule,Watt,Hertz,Newton,C
Which human organ is primarily responsible for filtering waste from the bloodstream (Variant 47)?,Lungs,Stomach,Kidneys,Heart,C
Which fundamental state of matter has a fixed shape and a fixed volume (Variant 47)?,Gas,Plasma,Solid,Liquid,C
Which of the following is an example of an input device in a computer system (Variant 48)?,Monitor,Printer,Keyboard,Speaker,C
Which of the following is considered an output device for a computer (Variant 48)?,Mouse,Microphone,Monitor,Scanner,C
What is the basic unit of frequency in the physical sciences (Variant 48)?,Joule,Watt,Hertz,Newton,C
Which human organ is primarily responsible for filtering waste from the bloodstream (Variant 48)?,Lungs,Stomach,Kidneys,Heart,C
Which fundamental state of matter has a fixed shape and a fixed volume (Variant 48)?,Gas,Plasma,Solid,Liquid,C
Which of the following is an example of an input device in a computer system (Variant 49)?,Monitor,Printer,Keyboard,Speaker,C
Which of the following is considered an output device for a computer (Variant 49)?,Mouse,Microphone,Monitor,Scanner,C
What is the basic unit of frequency in the physical sciences (Variant 49)?,Joule,Watt,Hertz,Newton,C
Which human organ is primarily responsible for filtering waste from the bloodstream (Variant 49)?,Lungs,Stomach,Kidneys,Heart,C
Which fundamental state of matter has a fixed shape and a fixed volume (Variant 49)?,Gas,Plasma,Solid,Liquid,C
Which of the following is an example of an input device in a computer system (Variant 50)?,Monitor,Printer,Keyboard,Speaker,C
Which of the following is considered an output device for a computer (Variant 50)?,Mouse,Microphone,Monitor,Scanner,C
What is the basic unit of frequency in the physical sciences (Variant 50)?,Joule,Watt,Hertz,Newton,C
Which human organ is primarily responsible for filtering waste from the bloodstream (Variant 50)?,Lungs,Stomach,Kidneys,Heart,C
Which fundamental state of matter has a fixed shape and a fixed volume (Variant 50)?,Gas,Plasma,Solid,Liquid,C
Which of the following is an example of an input device in a computer system (Variant 51)?,Monitor,Printer,Keyboard,Speaker,C
Which of the following is considered an output device for a computer (Variant 51)?,Mouse,Microphone,Monitor,Scanner,C
What is the basic unit of frequency in the physical sciences (Variant 51)?,Joule,Watt,Hertz,Newton,C
Which human organ is primarily responsible for filtering waste from the bloodstream (Variant 51)?,Lungs,Stomach,Kidneys,Heart,C
Which fundamental state of matter has a fixed shape and a fixed volume (Variant 51)?,Gas,Plasma,Solid,Liquid,C
Which of the following is an example of an input device in a computer system (Variant 52)?,Monitor,Printer,Keyboard,Speaker,C
Which of the following is considered an output device for a computer (Variant 52)?,Mouse,Microphone,Monitor,Scanner,C
What is the basic unit of frequency in the physical sciences (Variant 52)?,Joule,Watt,Hertz,Newton,C
Which human organ is primarily responsible for filtering waste from the bloodstream (Variant 52)?,Lungs,Stomach,Kidneys,Heart,C
Which fundamental state of matter has a fixed shape and a fixed volume (Variant 52)?,Gas,Plasma,Solid,Liquid,C
Which of the following is an example of an input device in a computer system (Variant 53)?,Monitor,Printer,Keyboard,Speaker,C
Which of the following is considered an output device for a computer (Variant 53)?,Mouse,Microphone,Monitor,Scanner,C
What is the basic unit of frequency in the physical sciences (Variant 53)?,Joule,Watt,Hertz,Newton,C
Which human organ is primarily responsible for filtering waste from the bloodstream (Variant 53)?,Lungs,Stomach,Kidneys,Heart,C
Which fundamental state of matter has a fixed shape and a fixed volume (Variant 53)?,Gas,Plasma,Solid,Liquid,C
Which of the following is an example of an input device in a computer system (Variant 54)?,Monitor,Printer,Keyboard,Speaker,C
Which of the following is considered an output device for a computer (Variant 54)?,Mouse,Microphone,Monitor,Scanner,C
What is the basic unit of frequency in the physical sciences (Variant 54)?,Joule,Watt,Hertz,Newton,C
Which human organ is primarily responsible for filtering waste from the bloodstream (Variant 54)?,Lungs,Stomach,Kidneys,Heart,C
Which fundamental state of matter has a fixed shape and a fixed volume (Variant 54)?,Gas,Plasma,Solid,Liquid,C
Which of the following is an example of an input device in a computer system (Variant 55)?,Monitor,Printer,Keyboard,Speaker,C
Which of the following is considered an output device for a computer (Variant 55)?,Mouse,Microphone,Monitor,Scanner,C
What is the basic unit of frequency in the physical sciences (Variant 55)?,Joule,Watt,Hertz,Newton,C
Which human organ is primarily responsible for filtering waste from the bloodstream (Variant 55)?,Lungs,Stomach,Kidneys,Heart,C
Which fundamental state of matter has a fixed shape and a fixed volume (Variant 55)?,Gas,Plasma,Solid,Liquid,C
Which of the following is an example of an input device in a computer system (Variant 56)?,Monitor,Printer,Keyboard,Speaker,C
Which of the following is considered an output device for a computer (Variant 56)?,Mouse,Microphone,Monitor,Scanner,C
What is the basic unit of frequency in the physical sciences (Variant 56)?,Joule,Watt,Hertz,Newton,C
Which human organ is primarily responsible for filtering waste from the bloodstream (Variant 56)?,Lungs,Stomach,Kidneys,Heart,C
Which fundamental state of matter has a fixed shape and a fixed volume (Variant 56)?,Gas,Plasma,Solid,Liquid,C
Which of the following is an example of an input device in a computer system (Variant 57)?,Monitor,Printer,Keyboard,Speaker,C
Which of the following is considered an output device for a computer (Variant 57)?,Mouse,Microphone,Monitor,Scanner,C
What is the basic unit of frequency in the physical sciences (Variant 57)?,Joule,Watt,Hertz,Newton,C
Which human organ is primarily responsible for filtering waste from the bloodstream (Variant 57)?,Lungs,Stomach,Kidneys,Heart,C
Which fundamental state of matter has a fixed shape and a fixed volume (Variant 57)?,Gas,Plasma,Solid,Liquid,C
Which of the following is an example of an input device in a computer system (Variant 58)?,Monitor,Printer,Keyboard,Speaker,C
Which of the following is considered an output device for a computer (Variant 58)?,Mouse,Microphone,Monitor,Scanner,C
What is the basic unit of frequency in the physical sciences (Variant 58)?,Joule,Watt,Hertz,Newton,C
Which human organ is primarily responsible for filtering waste from the bloodstream (Variant 58)?,Lungs,Stomach,Kidneys,Heart,C
Which fundamental state of matter has a fixed shape and a fixed volume (Variant 58)?,Gas,Plasma,Solid,Liquid,C
Which of the following is an example of an input device in a computer system (Variant 59)?,Monitor,Printer,Keyboard,Speaker,C
Which of the following is considered an output device for a computer (Variant 59)?,Mouse,Microphone,Monitor,Scanner,C
What is the basic unit of frequency in the physical sciences (Variant 59)?,Joule,Watt,Hertz,Newton,C
Which human organ is primarily responsible for filtering waste from the bloodstream (Variant 59)?,Lungs,Stomach,Kidneys,Heart,C
Which fundamental state of matter has a fixed shape and a fixed volume (Variant 59)?,Gas,Plasma,Solid,Liquid,C
Which of the following is an example of an input device in a computer system (Variant 60)?,Monitor,Printer,Keyboard,Speaker,C
Which of the following is considered an output device for a computer (Variant 60)?,Mouse,Microphone,Monitor,Scanner,C
What is the basic unit of frequency in the physical sciences (Variant 60)?,Joule,Watt,Hertz,Newton,C
Which human organ is primarily responsible for filtering waste from the bloodstream (Variant 60)?,Lungs,Stomach,Kidneys,Heart,C
Which fundamental state of matter has a fixed shape and a fixed volume (Variant 60)?,Gas,Plasma,Solid,Liquid,C
Which of the following is an example of an input device in a computer system (Variant 61)?,Monitor,Printer,Keyboard,Speaker,C
Which of the following is considered an output device for a computer (Variant 61)?,Mouse,Microphone,Monitor,Scanner,C
What is the basic unit of frequency in the physical sciences (Variant 61)?,Joule,Watt,Hertz,Newton,C
Which human organ is primarily responsible for filtering waste from the bloodstream (Variant 61)?,Lungs,Stomach,Kidneys,Heart,C
Which fundamental state of matter has a fixed shape and a fixed volume (Variant 61)?,Gas,Plasma,Solid,Liquid,C
Which of the following is an example of an input device in a computer system (Variant 62)?,Monitor,Printer,Keyboard,Speaker,C
Which of the following is considered an output device for a computer (Variant 62)?,Mouse,Microphone,Monitor,Scanner,C
What is the basic unit of frequency in the physical sciences (Variant 62)?,Joule,Watt,Hertz,Newton,C
Which human organ is primarily responsible for filtering waste from the bloodstream (Variant 62)?,Lungs,Stomach,Kidneys,Heart,C
Which fundamental state of matter has a fixed shape and a fixed volume (Variant 62)?,Gas,Plasma,Solid,Liquid,C
Which of the following is an example of an input device in a computer system (Variant 63)?,Monitor,Printer,Keyboard,Speaker,C
Which of the following is considered an output device for a computer (Variant 63)?,Mouse,Microphone,Monitor,Scanner,C
What is the basic unit of frequency in the physical sciences (Variant 63)?,Joule,Watt,Hertz,Newton,C
Which human organ is primarily responsible for filtering waste from the bloodstream (Variant 63)?,Lungs,Stomach,Kidneys,Heart,C
Which fundamental state of matter has a fixed shape and a fixed volume (Variant 63)?,Gas,Plasma,Solid,Liquid,C
Which of the following is an example of an input device in a computer system (Variant 64)?,Monitor,Printer,Keyboard,Speaker,C
Which of the following is considered an output device for a computer (Variant 64)?,Mouse,Microphone,Monitor,Scanner,C
What is the basic unit of frequency in the physical sciences (Variant 64)?,Joule,Watt,Hertz,Newton,C
Which human organ is primarily responsible for filtering waste from the bloodstream (Variant 64)?,Lungs,Stomach,Kidneys,Heart,C
Which fundamental state of matter has a fixed shape and a fixed volume (Variant 64)?,Gas,Plasma,Solid,Liquid,C
Which of the following is an example of an input device in a computer system (Variant 65)?,Monitor,Printer,Keyboard,Speaker,C
Which of the following is considered an output device for a computer (Variant 65)?,Mouse,Microphone,Monitor,Scanner,C
What is the basic unit of frequency in the physical sciences (Variant 65)?,Joule,Watt,Hertz,Newton,C
Which human organ is primarily responsible for filtering waste from the bloodstream (Variant 65)?,Lungs,Stomach,Kidneys,Heart,C
Which fundamental state of matter has a fixed shape and a fixed volume (Variant 65)?,Gas,Plasma,Solid,Liquid,C
Which of the following is an example of an input device in a computer system (Variant 66)?,Monitor,Printer,Keyboard,Speaker,C
Which of the following is considered an output device for a computer (Variant 66)?,Mouse,Microphone,Monitor,Scanner,C
What is the basic unit of frequency in the physical sciences (Variant 66)?,Joule,Watt,Hertz,Newton,C
Which human organ is primarily responsible for filtering waste from the bloodstream (Variant 66)?,Lungs,Stomach,Kidneys,Heart,C
Which fundamental state of matter has a fixed shape and a fixed volume (Variant 66)?,Gas,Plasma,Solid,Liquid,C
Which of the following is an example of an input device in a computer system (Variant 67)?,Monitor,Printer,Keyboard,Speaker,C
Which of the following is considered an output device for a computer (Variant 67)?,Mouse,Microphone,Monitor,Scanner,C
What is the basic unit of frequency in the physical sciences (Variant 67)?,Joule,Watt,Hertz,Newton,C
Which human organ is primarily responsible for filtering waste from the bloodstream (Variant 67)?,Lungs,Stomach,Kidneys,Heart,C
Which fundamental state of matter has a fixed shape and a fixed volume (Variant 67)?,Gas,Plasma,Solid,Liquid,C
Which of the following is an example of an input device in a computer system (Variant 68)?,Monitor,Printer,Keyboard,Speaker,C
Which of the following is considered an output device for a computer (Variant 68)?,Mouse,Microphone,Monitor,Scanner,C
What is the basic unit of frequency in the physical sciences (Variant 68)?,Joule,Watt,Hertz,Newton,C
Which human organ is primarily responsible for filtering waste from the bloodstream (Variant 68)?,Lungs,Stomach,Kidneys,Heart,C
Which fundamental state of matter has a fixed shape and a fixed volume (Variant 68)?,Gas,Plasma,Solid,Liquid,C
Which of the following is an example of an input device in a computer system (Variant 69)?,Monitor,Printer,Keyboard,Speaker,C
Which of the following is considered an output device for a computer (Variant 69)?,Mouse,Microphone,Monitor,Scanner,C
What is the basic unit of frequency in the physical sciences (Variant 69)?,Joule,Watt,Hertz,Newton,C
Which human organ is primarily responsible for filtering waste from the bloodstream (Variant 69)?,Lungs,Stomach,Kidneys,Heart,C
Which fundamental state of matter has a fixed shape and a fixed volume (Variant 69)?,Gas,Plasma,Solid,Liquid,C
